epoch,train_loss,train_f1,val_loss,val_f1,accuracy,lr
1,1.0996018758747312,0.5849024814642121,0.7796022622986177,0.6679860662517212,0.6877777777777778,3e-05
2,0.7208106729388237,0.7163692469638022,0.6141731026953301,0.7533071947361364,0.7577777777777778,3e-05
3,0.6227109901110331,0.7508157578347657,0.5559291182893568,0.7741045842644976,0.7788888888888889,3e-05
4,0.576623621251848,0.7708018607362324,0.5304454057353788,0.7822019362227012,0.7855555555555556,3e-05
5,0.5485168844130304,0.7743814305491998,0.5122578893087607,0.7868819002654489,0.79,3e-05
