epoch,train_loss,train_f1,val_loss,val_f1,accuracy,lr
1,1.2104677800337473,0.5520095958832391,0.8805682115850195,0.6412619117417319,0.6527777777777778,2e-05
2,0.8107329514953825,0.686813940285763,0.7010369466996826,0.7213939041184321,0.7288888888888889,2e-05
3,0.6913613617751333,0.7218636622810057,0.6153016776110218,0.7519576142130321,0.7566666666666667,2e-05
4,0.6310815503531032,0.7484345545656523,0.5747189345085515,0.7679232169907323,0.7716666666666666,2e-05
5,0.5942293306522899,0.7622894930215566,0.5492401891841298,0.7746281762103024,0.7783333333333333,2e-05
