epoch,train_loss,train_f1,val_loss,val_f1,accuracy,lr
1,0.9669084780083762,0.6266413877153324,0.6510641965190921,0.7399437141327111,0.7472222222222222,5e-05
2,0.6328921419050958,0.7411286636190243,0.5580715041244979,0.7734811883124573,0.7794444444444445,5e-05
3,0.5601126269499461,0.7693187867794409,0.5113152062470934,0.7939202071618001,0.7977777777777778,5e-05
4,0.5261026223666138,0.7821311031505596,0.49626654861247643,0.7947247646628363,0.7994444444444444,5e-05
5,0.509314759473006,0.7862572990216636,0.46118629611698925,0.8082070235565373,0.8111111111111111,5e-05
